USD_INR_Price,Date,Price,Open,Vol.,Change %
85.554,31-12-2024,7778.743893,7716.89095,86.29K,0.87%
85.474,30-12-2024,7711.294732,7764.31154,110.92K,-0.01%
85.388,27-12-2024,7712.178345,7774.914901,0.64K,-0.83%
85.254,26-12-2024,7776.682128,7726.610699,1.40K,0.67%
85.198,24-12-2024,7725.138009,7706.582127,0.42K,0.28%
85.176,23-12-2024,7703.636748,7738.392212,0.56K,-0.65%
85.095,20-12-2024,7753.708178,7651.209016,0.51K,1.41%
84.947,19-12-2024,7646.201873,7616.748091,0.90K,-1.70%
85.088,18-12-2024,7778.154818,7808.786751,0.88K,-0.33%
84.867,17-12-2024,7804.074146,7826.45902,0.63K,-0.28%
84.902,16-12-2024,7825.869945,7818.801037,1.41K,-0.20%
84.89,13-12-2024,7841.774987,7923.656502,1.07K,-1.21%
84.782,12-12-2024,7938.088855,8063.856505,1.69K,-1.69%
84.825,11-12-2024,8074.754405,7978.440537,3.82K,1.33%
84.795,10-12-2024,7969.015327,7863.570786,1.41K,1.21%
84.88,09-12-2024,7873.87961,7818.506499,0.96K,0.99%
84.829,06-12-2024,7796.7107,7782.867423,0.80K,0.42%
84.668,05-12-2024,7764.31154,7840.302298,1.67K,-1.06%
84.684,04-12-2024,7847.371206,7809.081289,0.85K,0.32%
84.693,03-12-2024,7822.630029,7811.143054,0.61K,0.36%
84.676,02-12-2024,7794.943473,7845.603979,0.97K,-0.84%
84.74,29-11-2024,7861.214484,7804.368684,1.35K,0.63%
84.559,27-11-2024,7812.026667,7794.648936,2.27K,1.18%
84.445,26-11-2024,7720.719942,7735.152295,177.86K,0.11%
84.41,25-11-2024,7712.472883,8002.2981,305.34K,-3.45%
84.319,22-11-2024,7988.454823,7870.050618,220.55K,1.39%
84.26,21-11-2024,7878.592215,7815.561121,186.30K,0.87%
84.426,20-11-2024,7810.25944,7763.427926,182.01K,0.79%
84.495,19-11-2024,7749.290111,7705.993051,202.24K,0.63%
84.36,18-11-2024,7700.985908,7574.040107,195.29K,1.73%
84.39,15-11-2024,7569.916577,7570.80019,179.89K,-0.11%
84.398,14-11-2024,7578.163636,7593.479603,266.16K,-0.53%
84.424,13-11-2024,7618.22078,7671.826664,262.75K,-0.76%
84.461,12-11-2024,7676.539269,7733.679606,282.77K,-0.44%
84.416,11-11-2024,7710.116581,7929.252721,281.92K,-2.86%
84.38,08-11-2024,7937.205242,7992.578352,233.11K,-0.41%
84.379,07-11-2024,7969.604402,7857.385492,292.92K,1.10%
84.395,06-11-2024,7882.715745,8107.448103,361.31K,-2.67%
84.293,05-11-2024,8098.906506,8088.008607,151.43K,0.13%
84.31,04-11-2024,8088.597682,8080.645161,145.25K,-0.11%
84.109,01-11-2024,8097.433817,8111.571633,180.66K,0.00%
84.13,31-10-2024,8097.728355,8244.408191,242.57K,-1.84%
84.08,30-10-2024,8249.415334,8208.474576,191.55K,1.16%
84.061,29-10-2024,8155.16323,8075.932556,0.85K,0.92%
84.08,28-10-2024,8080.939699,8068.569111,0.57K,0.05%
84.05,25-10-2024,8076.81617,8056.787598,0.26K,0.21%
84.06,24-10-2024,8060.027514,8003.77079,0.34K,0.71%
84.095,23-10-2024,8002.887176,8096.550204,0.65K,-1.10%
84.05,22-10-2024,8092.132136,8020.559445,0.43K,0.76%
84.056,21-10-2024,8031.457345,8024.093899,0.41K,0.32%
84.07,18-10-2024,8005.538017,7941.328771,0.22K,0.83%
84.07,17-10-2024,7939.267006,7884.482971,0.27K,0.60%
84.065,16-10-2024,7891.551879,7854.734651,0.38K,0.46%
84.035,15-10-2024,7855.323727,7818.801037,0.24K,0.50%
84.03,14-10-2024,7816.150197,7834.411542,0.39K,-0.40%
84.04,11-10-2024,7847.665744,7759.304397,0.31K,1.41%
84.045,10-10-2024,7738.686749,7701.574984,0.88K,0.51%
84.101,09-10-2024,7699.513219,7742.810279,0.77K,-0.36%
83.94,08-10-2024,7727.199774,7804.074146,1.05K,-1.15%
83.95,07-10-2024,7817.03381,7831.171626,0.39K,-0.08%
83.945,04-10-2024,7822.924567,7843.542214,0.85K,-0.43%
83.98,03-10-2024,7856.501878,7859.152719,0.65K,0.35%
84.023,02-10-2024,7829.109861,7867.399778,0.34K,-0.76%
83.99,01-10-2024,7889.195577,7788.758179,0.46K,1.16%
83.92,30-09-2024,7799.067003,7857.974567,0.55K,-0.32%
83.9,27-09-2024,7824.397256,7900.388014,0.64K,-0.52%
83.755,26-09-2024,7865.338013,7825.280869,17.22K,0.36%
83.71,25-09-2024,7836.767844,7830.877088,21.76K,0.29%
83.601,24-09-2024,7814.088432,7742.221203,13.09K,0.93%
83.6,23-09-2024,7742.221203,7724.254396,8.70K,0.24%
83.6,20-09-2024,7723.959858,7622.933385,9.30K,1.22%
83.53,19-09-2024,7631.180444,7544.880862,8.60K,0.62%
83.485,18-09-2024,7584.054392,7579.636325,10.66K,0.23%
83.62,17-09-2024,7566.382123,7617.631704,6.95K,-0.63%
83.65,16-09-2024,7614.391788,7613.213637,4.57K,-0.06%
83.747,13-09-2024,7619.104393,7555.189686,10.05K,1.16%
83.84,12-09-2024,7531.62666,7416.167834,9.29K,1.51%
83.88,11-09-2024,7419.40775,7428.243884,4.91K,-0.02%
83.92,10-09-2024,7420.880439,7397.611951,5.90K,0.41%
83.96,09-09-2024,7390.837581,7372.870774,4.64K,0.31%
83.949,06-09-2024,7367.863631,7433.251027,6.27K,-0.72%
83.928,05-09-2024,7421.469514,7370.219933,6.72K,0.68%
83.985,04-09-2024,7371.398085,7364.623715,5.94K,0.12%
83.961,03-09-2024,7362.56195,7389.953967,10.28K,-0.19%
83.96,30-08-2024,7376.699765,7453.868675,6.48K,-1.27%
83.95,29-08-2024,7471.540944,7412.338842,10.79K,1.36%
83.88,28-08-2024,7371.103547,7437.669095,2.35K,-0.60%
83.867,27-08-2024,7415.578758,7415.28422,0.65K,-0.10%
83.88,26-08-2024,7422.942204,7400.557329,0.66K,0.36%
83.9,23-08-2024,7396.4338,7322.799344,0.75K,1.17%
83.91,22-08-2024,7310.723293,7409.393464,0.74K,-1.22%
83.84,21-08-2024,7401.146405,7414.695145,0.60K,-0.13%
83.809,20-08-2024,7410.866153,7386.124976,0.66K,0.37%
83.93,19-08-2024,7383.474135,7401.146405,0.78K,0.13%
83.87,16-08-2024,7374.048925,7246.21951,0.59K,1.83%
83.75,15-08-2024,7241.506905,7222.067409,0.53K,0.51%
83.85,14-08-2024,7204.984215,7276.851444,0.56K,-1.12%
83.88,13-08-2024,7286.571192,7296.585478,0.37K,0.16%
83.94,12-08-2024,7274.789679,7174.941357,0.73K,1.23%
83.96,09-08-2024,7186.133794,7162.865306,0.70K,0.39%
83.91,08-08-2024,7158.152701,7037.98127,0.58K,1.26%
83.93,07-08-2024,7068.907741,7064.784211,0.46K,0.05%
83.945,06-08-2024,7065.667825,7130.466146,0.50K,-0.53%
83.99,05-08-2024,7103.663204,7241.212367,1.13K,-1.00%
83.885,02-08-2024,7175.530433,7235.027073,2.46K,-0.40%
83.93,01-08-2024,7204.100601,7242.095981,1.15K,0.30%
84.018,31-07-2024,7182.304803,7130.171608,1.32K,0.86%
83.794,30-07-2024,7120.746398,7047.701018,3.57K,1.67%
83.71,29-07-2024,7003.520344,7030.323286,126.41K,-0.13%
83.699,26-07-2024,7012.945555,6962.285049,154.52K,1.17%
83.72,25-07-2024,6931.947653,7063.311522,294.90K,-2.57%
83.748,24-07-2024,7115.150179,7100.423288,245.88K,0.35%
83.703,23-07-2024,7090.409002,7063.016984,171.19K,0.53%
83.72,22-07-2024,7053.297236,7079.80564,197.56K,-0.18%
83.71,19-07-2024,7066.2569,7210.285896,254.41K,-2.33%
83.676,18-07-2024,7235.027073,7252.99388,192.77K,-0.14%
83.651,17-07-2024,7245.335897,7284.509427,259.54K,-0.32%
83.724,16-07-2024,7268.604385,7148.727491,246.09K,1.60%
83.58,15-07-2024,7154.029172,7125.753541,193.54K,0.34%
83.58,12-07-2024,7129.87707,7130.760684,220.93K,-0.05%
83.524,11-07-2024,7133.411524,7002.342193,303.52K,1.77%
83.551,10-07-2024,7009.116563,6983.491772,163.90K,0.50%
83.513,09-07-2024,6974.3611,6970.23757,252.49K,0.19%
83.507,08-07-2024,6961.401436,7057.715304,240.78K,-1.43%
83.51,05-07-2024,7062.133371,6968.175806,293.25K,1.40%
83.465,04-07-2024,6964.641352,6972.299335,,-0.20%
83.5,03-07-2024,6978.779167,6888.061518,193.64K,1.54%
83.5,02-07-2024,6872.745551,6896.897653,153.71K,-0.24%
83.475,01-07-2024,6888.945131,6880.99261,142.60K,-0.03%
83.52,28-06-2024,6891.006896,6888.061518,135.38K,0.13%
83.5,27-06-2024,6882.170761,6802.056474,140.23K,1.55%
83.438,26-06-2024,6777.315297,6829.743029,0.99K,-0.75%
83.355,25-06-2024,6828.564878,6875.690929,1.26K,-0.60%
83.438,24-06-2024,6869.800173,6839.462777,0.60K,0.57%
83.56,21-06-2024,6830.626642,6955.510679,0.60K,-1.61%
83.403,20-06-2024,6942.256477,6866.854795,0.83K,0.60%
83.45,19-06-2024,6901.021182,6900.873913,,0.35%
83.558,18-06-2024,6876.869081,6842.997231,0.39K,0.77%
83.62,17-06-2024,6824.14681,6880.403534,0.45K,-0.86%
83.46,14-06-2024,6883.348913,6792.925801,0.42K,1.35%
83.33,13-06-2024,6791.74765,6858.01866,0.65K,-1.57%
83.5,12-06-2024,6900.137569,6838.284626,0.60K,1.21%
83.547,11-06-2024,6817.37244,6820.612356,0.79K,-0.02%
83.54,10-06-2024,6818.84513,6772.897229,0.75K,0.08%
83.43,07-06-2024,6813.248911,7020.603538,1.30K,-2.76%
83.6,06-06-2024,7006.76026,6962.285049,0.88K,0.65%
83.5,05-06-2024,6961.695973,6878.930845,0.59K,1.19%
83.521,04-06-2024,6879.519921,6951.681688,1.40K,-0.92%
83.466,03-06-2024,6943.729166,6877.458156,0.77K,1.01%
83.37,31-05-2024,6874.21824,6928.707737,1.21K,-0.88%
83.524,30-05-2024,6935.482107,6944.907318,2.72K,0.58%
83.083,29-05-2024,6895.719501,6958.456057,119.32K,-0.65%
83.424,28-05-2024,6940.783788,6886.294291,316.22K,0.00%
83.28,27-05-2024,6940.783788,6886.294291,105.47K,0.94%
83.34,24-05-2024,6875.985467,6863.909416,178.34K,-0.12%
83.16,23-05-2024,6883.937988,7018.836311,273.66K,-2.33%
83.102,22-05-2024,7047.995555,7143.720348,253.85K,-1.36%
83.06,21-05-2024,7145.193037,7161.687155,229.42K,-0.52%
83.24,20-05-2024,7182.304803,7134.295137,281.43K,0.87%
83.22,17-05-2024,7120.157322,7014.123706,218.55K,1.34%
83.25,16-05-2024,7026.199757,7043.872026,191.03K,-0.39%
83.28,15-05-2024,7053.886312,6959.634209,249.84K,1.48%
83.28,14-05-2024,6950.798074,6898.959417,192.08K,0.72%
83.45,13-05-2024,6901.021182,6977.895554,243.08K,-1.35%
83.411,10-05-2024,6995.273285,6931.947653,275.24K,1.48%
83.482,09-05-2024,6893.068661,6822.968659,249.09K,0.78%
83.46,08-05-2024,6840.051853,6839.168239,214.69K,-0.08%
83.541,07-05-2024,6845.648071,6876.869081,204.62K,-0.30%
83.441,06-05-2024,6866.265719,6812.07076,191.90K,0.98%
83.462,03-05-2024,6799.700171,6814.132524,231.40K,-0.04%
83.458,02-05-2024,6802.645549,6862.436727,193.66K,-0.06%
83.48,01-05-2024,6806.769079,6769.068238,227.38K,0.35%
83.376,30-04-2024,6782.911515,6912.802695,229.06K,-2.32%
83.435,29-04-2024,6944.318242,6914.569922,187.31K,0.97%
83.455,26-04-2024,6877.458156,6871.861938,0.72K,0.20%
83.45,25-04-2024,6863.614879,6826.797651,0.99K,0.18%
83.41,24-04-2024,6850.949752,6845.058996,0.78K,-0.17%
83.4,23-04-2024,6862.436727,6869.211097,0.79K,-0.20%
83.31,22-04-2024,6876.280005,7043.872026,1.03K,-2.78%
83.319,19-04-2024,7073.03127,7013.240092,1.61K,0.65%
83.269,18-04-2024,7027.08337,6969.059419,2.55K,0.40%
83.36,17-04-2024,6998.807739,7033.268664,0.58K,-0.81%
83.358,16-04-2024,7055.653539,7030.617824,1.27K,1.04%
83.53,15-04-2024,6983.197235,6943.140091,1.67K,0.38%
83.65,12-04-2024,6956.983368,7003.225806,2.20K,0.05%
83.637,11-04-2024,6953.448914,6893.657736,0.98K,1.04%
83.484,10-04-2024,6882.170761,6947.852696,1.62K,-0.60%
83.54,09-04-2024,6923.406057,6905.144712,1.56K,0.50%
83.324,08-04-2024,6889.239669,6869.211097,1.31K,0.23%
83.389,05-04-2024,6873.629165,6770.540927,0.91K,1.60%
83.182,04-04-2024,6765.239246,6800.583785,0.99K,-0.28%
83.27,03-04-2024,6784.089666,6744.916136,1.23K,1.45%
83.293,02-04-2024,6686.892185,6657.143865,1.70K,1.09%
83.34,01-04-2024,6615.024956,6607.956049,1.10K,0.84%
83.504,28-03-2024,6559.651846,6491.319071,1.62K,1.17%
83.322,27-03-2024,6483.955625,6447.138398,1.21K,1.11%
83.36,26-03-2024,6412.677472,6400.306884,202.37K,0.04%
83.35,25-03-2024,6410.32117,6381.456463,211.61K,0.76%
83.352,22-03-2024,6362.016967,6430.938817,205.81K,-1.13%
83.294,21-03-2024,6434.767809,6450.967389,391.75K,1.10%
83.309,20-03-2024,6364.962345,6366.140496,233.57K,0.06%
83.405,19-03-2024,6361.133353,6373.79848,178.16K,-0.21%
83.582,18-03-2024,6374.682093,6361.722429,211.86K,0.13%
83.174,15-03-2024,6366.435034,6380.278312,187.85K,-0.28%
83.173,14-03-2024,6384.107303,6419.451842,207.23K,-0.61%
83.007,13-03-2024,6423.280834,6372.620328,232.27K,0.68%
82.9,12-03-2024,6379.983774,6447.727473,316.25K,-1.03%
82.883,11-03-2024,6446.254784,6443.309406,242.42K,0.14%
82.915,08-03-2024,6437.124112,6381.456463,389.68K,0.94%
82.82,07-03-2024,6377.332934,6352.297219,267.80K,0.32%
82.786,06-03-2024,6356.715286,6292.506041,319.76K,0.76%
82.72,05-03-2024,6308.705621,6253.921586,283.15K,0.73%
82.739,04-03-2024,6262.757721,6160.553096,328.25K,1.46%
82.708,01-03-2024,6172.629147,6046.272421,330.59K,2.00%
82.78,29-02-2024,6051.86864,6019.764017,227.07K,0.59%
82.891,28-02-2024,6016.524101,6007.687966,137.08K,0.41%
82.911,27-02-2024,5992.077462,5982.063176,0.96K,0.26%
82.841,26-02-2024,5976.466957,5990.015697,1.14K,-0.51%
82.9,23-02-2024,6006.804353,5961.740066,0.71K,0.92%
82.9,22-02-2024,5952.020318,5969.103512,1.66K,-0.18%
82.877,21-02-2024,5962.918217,5965.569058,1.09K,-0.27%
82.846,20-02-2024,5979.117797,5942.889645,1.11K,-0.48%
82.859,19-02-2024,6007.982504,5972.343428,202.43K,1.26%
82.837,16-02-2024,5933.169897,5909.901409,0.80K,0.45%
82.93,15-02-2024,5906.366955,5876.324097,1.07K,0.53%
82.89,14-02-2024,5875.145946,5875.735022,1.63K,-0.15%
83.026,13-02-2024,5883.982081,5960.856452,1.47K,-1.27%
83.013,12-02-2024,5959.678301,5981.4741,1.22K,-0.27%
82.988,09-02-2024,5975.583344,6006.509815,0.53K,-0.46%
83.034,08-02-2024,6002.975361,6011.811496,0.67K,-0.18%
83.098,07-02-2024,6013.873261,6015.051412,0.51K,0.01%
82.97,06-02-2024,6012.989647,5984.419478,0.63K,0.42%
83,05-02-2024,5987.659394,6030.956454,1.00K,-0.54%
82.978,02-02-2024,6020.058555,6074.253514,3.02K,-0.84%
82.977,01-02-2024,6071.013598,6031.250992,1.35K,0.18%
83.062,31-01-2024,6059.821161,6022.709395,1.43K,0.80%
83.036,30-01-2024,6011.811496,6013.578723,1.12K,0.78%
82.999,29-01-2024,5965.569058,5962.623679,150.71K,0.40%
82.947,26-01-2024,5941.711494,5952.609393,119.59K,-0.02%
83.095,25-01-2024,5943.184183,5934.348048,196.67K,0.09%
83.12,24-01-2024,5937.882502,5981.179562,234.46K,-0.48%
83.134,23-01-2024,5966.747209,5959.089226,156.70K,0.18%
83.115,22-01-2024,5956.143847,5984.419478,152.76K,-0.35%
83.144,19-01-2024,5977.056033,5971.459814,172.81K,0.38%
83.13,18-01-2024,5954.37662,5917.559393,171.93K,0.75%
83.15,17-01-2024,5909.901409,5984.12494,254.29K,-1.17%
83.1,16-01-2024,5979.706873,6048.039648,285.25K,0.00%
83.086,15-01-2024,5979.706873,6048.039648,285.25K,-1.04%
83.165,12-01-2024,6042.737967,5988.543008,272.35K,1.60%
83.182,11-01-2024,5947.307713,5977.350571,301.34K,-0.42%
83.084,10-01-2024,5972.637965,5996.790067,205.01K,-0.26%
82.827,09-01-2024,5987.953932,5992.372,218.75K,-0.02%
82.857,08-01-2024,5989.426621,6045.683345,220.99K,-0.80%
83.063,05-01-2024,6037.436286,6042.148892,214.68K,-0.01%
83.023,04-01-2024,6038.025362,6035.963597,130.26K,0.35%
83.109,03-01-2024,6016.818639,6090.747632,221.68K,-1.48%
83.045,02-01-2024,6106.947212,6104.885448,157.56K,0.08%
83.103,29-12-2023,6102.234607,6114.899734,105.72K,-0.56%
83.243,28-12-2023,6136.695533,6154.367802,129.54K,0.00%
83.282,27-12-2023,6136.400995,6091.04217,0.59K,1.12%
83.27,26-12-2023,6068.657296,6056.581245,0.29K,0.04%
83.238,22-12-2023,6066.300993,6042.443429,0.44K,0.87%
83.19,21-12-2023,6013.873261,5992.961075,0.54K,0.18%
83.169,20-12-2023,6002.975361,6018.880404,0.26K,-0.22%
83.263,19-12-2023,6016.229563,5982.063176,0.47K,0.58%
83.158,18-12-2023,5981.768638,5960.561915,0.25K,0.24%
83.164,15-12-2023,5967.336285,6002.680823,0.63K,-0.45%
83.166,14-12-2023,5994.433764,5983.830403,0.56K,2.37%
83.214,13-12-2023,5855.70645,5848.048466,2.22K,0.21%
83.139,12-12-2023,5843.335861,5858.35729,0.57K,-0.02%
83.106,11-12-2023,5844.514013,5921.97746,0.55K,-1.03%
83.144,08-12-2023,5905.188804,5992.961075,1.37K,-1.57%
83.02,07-12-2023,5999.440907,5992.961075,0.53K,-0.07%
83.307,06-12-2023,6003.858975,5974.110655,0.68K,0.57%
83.35,05-12-2023,5969.987125,6006.215277,1.42K,-0.30%
83.396,04-12-2023,5987.659394,6136.400995,2.70K,-2.28%
83.35,01-12-2023,6127.56486,6035.079984,2.01K,1.60%
83.425,30-11-2023,6030.956454,6055.108556,1.15K,-0.48%
83.343,29-11-2023,6060.115699,6047.450572,1.91K,0.86%
83.332,28-11-2023,6008.57158,5932.875359,174.67K,1.37%
83.32,27-11-2023,5927.279141,5898.119896,251.25K,0.47%
83.426,24-11-2023,5899.592585,5864.837122,214.88K,0.00%
83.26,23-11-2023,5899.592585,5864.837122,214.88K,0.51%
83.357,22-11-2023,5869.549728,5891.640064,199.37K,-0.44%
83.352,21-11-2023,5895.469056,5831.848886,230.02K,1.08%
83.34,20-11-2023,5832.7325,5834.499727,177.89K,-0.22%
83.33,17-11-2023,5845.692164,5844.219475,133.12K,-0.13%
83.34,16-11-2023,5853.350147,5781.777456,186.81K,1.17%
83.305,15-11-2023,5785.606448,5793.264431,142.92K,-0.11%
83.287,14-11-2023,5792.08628,5744.371153,180.74K,0.84%
83.308,13-11-2023,5744.076615,5724.048043,183.70K,0.65%
83.317,10-11-2023,5707.259387,5785.017372,229.64K,-1.63%
83.244,09-11-2023,5801.806028,5759.68712,214.08K,0.61%
83.152,08-11-2023,5766.46149,5818.005609,189.36K,-0.80%
83.188,07-11-2023,5812.703928,5845.986702,218.95K,-0.76%
82.973,06-11-2023,5857.179139,5888.989224,146.28K,-0.53%
83.18,03-11-2023,5888.400148,5871.611492,222.19K,0.29%
83.309,02-11-2023,5871.611492,5867.193425,158.65K,0.30%
83.315,01-11-2023,5853.939223,5871.022417,197.63K,-0.34%
83.213,31-10-2023,5873.967795,5907.250569,214.78K,-0.56%
83.23,30-10-2023,5907.250569,5930.519057,181.34K,0.83%
83.218,27-10-2023,5858.35729,5853.939223,0.37K,0.06%
83.14,26-10-2023,5855.117374,5836.561491,0.20K,0.12%
83.234,25-10-2023,5848.048466,5808.28586,0.16K,0.44%
83.237,24-10-2023,5822.423676,5817.416533,1.23K,-0.07%
83.256,23-10-2023,5826.547205,5825.663592,0.45K,-0.34%
83.25,20-10-2023,5846.575777,5821.540062,1.03K,0.70%
83.265,19-10-2023,5805.929558,5744.371153,1.37K,0.63%
83.243,18-10-2023,5769.406868,5674.565689,0.33K,1.68%
83.14,17-10-2023,5673.976613,5664.551403,0.28K,0.07%
83.01,16-10-2023,5670.147622,5690.176194,0.47K,-0.36%
83.071,13-10-2023,5690.765269,5523.173248,0.89K,3.09%
83.15,12-10-2023,5520.22787,5537.900139,0.40K,-0.22%
83.097,11-10-2023,5532.598459,5491.952239,0.48K,0.63%
83.29,10-10-2023,5498.137533,5496.959382,0.36K,0.59%
83.24,09-10-2023,5465.738373,5451.011482,0.82K,1.03%
83.19,06-10-2023,5409.776187,5378.849715,0.65K,0.74%
83.255,05-10-2023,5370.01358,5384.151396,0.43K,-0.16%
83.29,04-10-2023,5378.555177,5387.391312,0.51K,-0.35%
83.16,03-10-2023,5397.700136,5406.830808,0.43K,-0.30%
83.162,02-10-2023,5414.194254,5460.436692,0.82K,-1.01%
83.254,29-09-2023,5469.272827,5516.693416,0.92K,-0.67%
83.118,28-09-2023,5506.384592,5553.216106,0.90K,-0.15%
83.2,27-09-2023,5514.631651,5597.102242,12.25K,-1.54%
83.25,26-09-2023,5600.931233,5645.406445,12.74K,-0.87%
83.214,25-09-2023,5649.824512,5673.976613,7.99K,-0.47%
83.174,22-09-2023,5676.332916,5660.427874,3.30K,0.31%
83.03,21-09-2023,5658.660647,5692.827034,5.62K,-1.41%
83.15,20-09-2023,5739.36401,5698.423253,6.22K,0.69%
83.181,19-09-2023,5700.19048,5704.314009,2.81K,0.01%
83.23,18-09-2023,5699.895942,5677.805605,3.19K,0.38%
83.13,15-09-2023,5678.394681,5637.748461,4.75K,0.71%
82.97,14-09-2023,5638.632075,5633.624932,5.99K,0.00%
83.102,13-09-2023,5638.632075,5648.646361,4.87K,-0.15%
82.92,12-09-2023,5646.879134,5676.921992,4.77K,-0.62%
83.31,11-09-2023,5682.223672,5671.620311,3.09K,0.24%
83.27,08-09-2023,5668.674933,5671.914849,6.62K,0.03%
83.069,07-09-2023,5667.202243,5664.551403,4.06K,-0.09%
83.01,06-09-2023,5672.209386,5694.594261,5.41K,-0.44%
82.934,05-09-2023,5697.245101,5737.302245,7.21K,-0.94%
82.85,04-09-2023,5751.145523,5792.675356,192.79K,0.22%
82.9,01-09-2023,5738.774934,5737.302245,6.26K,0.07%
83.004,31-08-2023,5734.651405,5748.78922,4.06K,-0.36%
83.15,30-08-2023,5755.269052,5737.007707,6.33K,0.91%
83.197,29-08-2023,5703.430396,5656.009806,1.67K,0.93%
83.033,28-08-2023,5650.708125,5640.988377,0.39K,0.35%
82.715,25-08-2023,5631.268629,5643.34468,0.79K,-0.38%
82.689,24-08-2023,5652.475352,5651.297201,1.29K,-0.07%
82.702,23-08-2023,5656.598882,5593.862326,0.92K,1.15%
82.607,22-08-2023,5592.095099,5585.320729,1.02K,0.15%
82.574,21-08-2023,5583.553502,5568.532073,1.27K,0.37%
82.6,18-08-2023,5562.935854,5570.593838,0.61K,0.08%
82.637,17-08-2023,5558.517787,5580.313586,0.71K,-0.68%
82.58,16-08-2023,5596.807704,5611.240057,0.39K,-0.35%
82.508,15-08-2023,5616.541738,5628.617789,0.37K,-0.45%
83.04,14-08-2023,5642.166529,5640.104764,0.61K,-0.13%
83.09,11-08-2023,5649.235436,5643.34468,0.46K,-0.11%
83.14,10-08-2023,5655.420731,5656.89342,0.77K,-0.09%
83.13,09-08-2023,5660.722411,5685.169051,0.72K,-0.46%
83.209,08-08-2023,5686.936278,5719.335438,0.98K,-0.51%
83.212,07-08-2023,5716.095522,5739.069472,0.51K,-0.32%
83.17,04-08-2023,5734.356867,5716.979135,1.39K,0.36%
82.87,03-08-2023,5713.739219,5723.458968,0.51K,-0.31%
82.616,02-08-2023,5731.706027,5764.399725,0.74K,-0.19%
82.844,01-08-2023,5742.603926,5815.06023,1.55K,-1.51%
82.853,31-07-2023,5830.670735,5796.20981,0.62K,0.48%
82.75,28-07-2023,5802.689642,5759.68712,3.24K,1.25%
82.668,27-07-2023,5730.822413,5812.114852,194.25K,-1.24%
82.75,26-07-2023,5802.689642,5791.497205,208.11K,0.33%
82.73,25-07-2023,5783.839221,5764.105187,188.85K,0.08%
82.34,24-07-2023,5779.421154,5783.544683,197.21K,-0.22%
82.24,21-07-2023,5792.380818,5808.580398,156.54K,-0.22%
82.225,20-07-2023,5805.045944,5831.848886,189.93K,-0.50%
82.15,19-07-2023,5834.205189,5839.212332,159.41K,0.00%
81.95,18-07-2023,5834.205189,5767.934179,264.09K,1.25%
81.85,17-07-2023,5762.33796,5768.817792,165.83K,-0.41%
81.79,14-07-2023,5785.900986,5788.257288,209.31K,0.03%
81.98,13-07-2023,5784.133759,5780.893843,241.22K,0.11%
82.07,12-07-2023,5777.948465,5708.143001,270.87K,1.27%
82.05,11-07-2023,5705.49216,5686.936278,189.37K,0.32%
82.06,10-07-2023,5687.525353,5686.64174,208.09K,-0.08%
82.04,07-07-2023,5691.943421,5645.111907,214.27K,0.89%
82.049,06-07-2023,5641.577453,5662.1951,231.51K,-0.61%
82.04,05-07-2023,5676.038378,5681.929135,245.93K,0.00%
81.98,04-07-2023,5676.038378,5681.929135,245.93K,-0.12%
82.39,03-07-2023,5683.107286,5678.100143,152.96K,0.01%
82.52,30-06-2023,5682.812748,5644.522831,180.69K,0.60%
82.61,29-06-2023,5648.940898,5644.817369,205.25K,0.24%
82.758,28-06-2023,5635.686696,5640.988377,0.63K,-0.09%
82.397,27-06-2023,5640.693839,5676.921992,0.23K,-0.52%
81.946,26-06-2023,5670.147622,5673.976613,0.77K,0.21%
81.94,23-06-2023,5658.071571,5640.399302,0.75K,0.31%
82.091,22-06-2023,5640.399302,5701.957706,0.37K,-1.09%
82.1,21-06-2023,5702.546782,5712.561068,0.81K,-0.14%
82.02,20-06-2023,5710.793841,5777.948465,0.74K,-0.45%
81.983,19-06-2023,5736.71317,5804.456869,250.14K,-0.74%
81.97,16-06-2023,5779.421154,5776.770313,0.62K,0.02%
81.98,15-06-2023,5778.243003,5739.953086,0.82K,0.09%
81.95,14-06-2023,5773.23586,5739.36401,1.07K,0.52%
81.93,13-06-2023,5743.193002,5781.482919,0.76K,-0.56%
82,12-06-2023,5775.592162,5790.908129,0.44K,-0.38%
81.91,09-06-2023,5797.682499,5804.162331,0.43K,-0.08%
81.91,08-06-2023,5802.100566,5739.36401,1.14K,1.03%
81.9,07-06-2023,5743.193002,5805.929558,0.82K,-1.17%
81.95,06-06-2023,5810.936701,5799.155188,0.34K,0.37%
82.229,05-06-2023,5789.729978,5756.447204,1.70K,0.26%
82.39,02-06-2023,5774.708549,5846.870315,1.02K,-1.30%
82.44,01-06-2023,5850.993845,5809.169474,1.05K,0.68%
82.488,31-05-2023,5811.525776,5797.682499,1.13K,0.25%
82.5,30-05-2023,5796.798885,5748.200145,3.55K,-0.46%
82.51,29-05-2023,5823.307289,5776.770313,264.37K,1.69%
82.52,26-05-2023,5726.698884,5719.0409,166.04K,0.03%
82.398,25-05-2023,5724.931657,5771.468633,253.88K,-1.06%
82.266,24-05-2023,5786.490062,5823.896365,229.89K,-0.50%
82.68,23-05-2023,5815.649306,5813.882079,214.36K,-0.14%
82.665,22-05-2023,5823.601827,5830.081659,165.77K,-0.22%
82.586,19-05-2023,5836.561491,5774.414011,234.60K,1.11%
82.57,18-05-2023,5772.352246,5848.343004,227.73K,-1.26%
82.733,17-05-2023,5846.28124,5870.138803,206.55K,-0.41%
82.67,16-05-2023,5870.138803,5953.493007,229.94K,-1.47%
82.83,15-05-2023,5957.616536,5930.224519,163.25K,0.14%
82.84,12-05-2023,5949.07494,5951.136704,220.50K,-0.03%
82.878,11-05-2023,5951.136704,5999.146369,296.98K,-0.81%
82.72,10-05-2023,6000.029983,6013.284185,260.81K,-0.28%
82.4,09-05-2023,6017.113177,5974.405192,199.70K,0.48%
82.264,08-05-2023,5988.543008,5963.212755,182.21K,0.41%
82.237,05-05-2023,5963.801831,6061.588388,283.30K,-1.50%
82.173,04-05-2023,6054.814018,6051.86864,311.00K,0.92%
82.09,03-05-2023,5999.735445,5968.514436,229.67K,0.68%
81.9,02-05-2023,5959.383763,5862.775358,245.64K,1.56%
82.1,01-05-2023,5867.782501,5891.345526,173.02K,-0.35%
81.77,28-04-2023,5888.10561,5882.509392,172.45K,0.01%
81.7,27-04-2023,5887.811073,5890.167375,203.90K,0.61%
81.71,26-04-2023,5852.171996,5890.756451,0.62K,-0.41%
81.755,25-04-2023,5876.324097,5877.207711,0.85K,0.23%
81.75,24-04-2023,5863.069895,5841.274097,0.54K,0.47%
81.77,21-04-2023,5835.677878,5905.77788,0.62K,-1.42%
81.72,20-04-2023,5919.621157,5880.447627,0.42K,0.59%
81.695,19-04-2023,5884.865694,5915.792166,0.92K,-0.61%
81.74,18-04-2023,5921.093846,5882.214854,0.22K,0.64%
81.965,17-04-2023,5883.687543,5904.894266,0.74K,-0.44%
81.95,14-04-2023,5909.901409,6023.003933,1.48K,-1.92%
82.03,13-04-2023,6025.654773,5948.191326,0.93K,1.49%
82.12,12-04-2023,5936.998889,5920.210233,0.83K,0.28%
82.265,11-04-2023,5920.210233,5881.036703,0.46K,0.76%
82.08,10-04-2023,5875.440484,5901.359812,1.00K,-1.12%
81.98,06-04-2023,5942.006032,5974.405192,1.20K,-0.46%
81.82,05-04-2023,5969.692587,5979.117797,1.17K,-0.13%
81.65,04-04-2023,5977.350571,5870.727879,1.09K,1.91%
81.93,03-04-2023,5865.13166,5839.50687,0.76K,0.72%
82.04,31-03-2023,5823.012752,5856.884601,0.75K,-0.58%
81.965,30-03-2023,5856.884601,5811.231239,1.19K,1.10%
81.86,29-03-2023,5793.264431,5818.300146,88.56K,-0.33%
81.82,28-03-2023,5812.703928,5766.46149,183.58K,1.01%
81.92,27-03-2023,5754.679977,5839.50687,206.63K,-1.51%
82.09,24-03-2023,5843.041323,5879.269476,285.44K,-0.61%
82.19,23-03-2023,5878.6804,5814.176617,262.25K,2.37%
82.16,22-03-2023,5742.309388,5724.342581,245.03K,0.44%
82.08,21-03-2023,5717.273673,5840.979559,248.93K,-2.10%
82.178,20-03-2023,5840.095945,5860.419055,338.02K,0.47%
82.172,17-03-2023,5812.703928,5672.503924,351.09K,2.63%
82.18,16-03-2023,5663.962327,5663.373252,248.08K,-0.43%
82.334,15-03-2023,5688.408967,5620.37073,385.45K,1.07%
82.236,14-03-2023,5628.323251,5653.358966,261.28K,-0.29%
82.505,13-03-2023,5644.817369,5528.769467,452.33K,2.64%
82.677,10-03-2023,5499.610222,5405.063581,345.81K,1.78%
82.51,09-03-2023,5403.590892,5354.697614,228.47K,0.88%
82.52,08-03-2023,5356.464841,5354.697614,208.29K,-0.08%
82.62,07-03-2023,5360.58837,5456.6077,248.23K,-1.87%
82.88,06-03-2023,5462.498457,5481.348877,136.22K,0.00%
82.245,03-03-2023,5462.498457,5425.681229,158.96K,0.77%
82.235,02-03-2023,5420.968624,5430.688372,139.76K,-0.27%
81.96,01-03-2023,5435.400977,5401.823665,182.58K,0.47%
82.02,28-02-2023,5409.776187,5372.075345,184.51K,0.65%
81.95,27-02-2023,5375.020723,5354.697614,130.43K,0.87%
82,24-02-2023,5328.778285,5375.904337,0.40K,-0.53%
81.81,23-02-2023,5357.053916,5371.191732,0.65K,-0.79%
81.68,22-02-2023,5399.761901,5410.6598,0.57K,-0.05%
82.35,21-02-2023,5402.412741,5425.386691,0.91K,-0.45%
82.43,20-02-2023,5426.85938,5450.422406,210.17K,0.03%
82.64,17-02-2023,5425.386691,5406.241733,0.73K,-0.08%
82.642,16-02-2023,5429.510221,5416.256019,0.65K,0.35%
82.897,15-02-2023,5410.6598,5467.5056,0.78K,-1.08%
82.59,14-02-2023,5469.567365,5466.621986,0.72K,0.10%
82.83,13-02-2023,5463.971146,5498.137533,0.83K,-0.58%
82.844,10-02-2023,5495.781231,5492.246777,0.77K,-0.22%
82.693,09-02-2023,5507.857281,5534.365685,0.85K,-0.65%
82.75,08-02-2023,5543.790896,5529.65308,1.03K,0.30%
82.71,07-02-2023,5527.00224,5513.4535,1.45K,0.28%
82.75,06-02-2023,5511.391735,5498.137533,1.59K,0.16%
82.91,03-02-2023,5502.850138,5649.824512,2.60K,-2.80%
82.592,02-02-2023,5661.606025,5770.879557,1.87K,-0.63%
82.51,01-02-2023,5697.245101,5699.601404,2.19K,-0.12%
82.511,31-01-2023,5704.019471,5683.107286,1.81K,0.33%
82.65,30-01-2023,5685.169051,5702.84132,2.80K,0.04%
82.86,27-01-2023,5682.812748,5682.51821,150.90K,-0.03%
82.74,26-01-2023,5684.579975,5737.596783,223.26K,-0.65%
82.206,25-01-2023,5721.691741,5710.204766,190.30K,0.37%
82.039,24-01-2023,5700.485017,5690.470731,201.71K,0.35%
81.73,23-01-2023,5680.456445,5679.86737,190.09K,0.02%
81.739,20-01-2023,5679.278294,5695.477874,165.27K,0.22%
81.52,19-01-2023,5666.613168,5616.836276,214.25K,0.89%
81.51,18-01-2023,5616.836276,5628.912326,218.97K,-0.15%
81.418,17-01-2023,5625.377873,5666.31863,268.37K,0.00%
81.491,16-01-2023,5625.377873,5666.31863,268.37K,-0.61%
81.594,13-01-2023,5660.133336,5592.684174,247.88K,1.21%
81.478,12-01-2023,5592.684174,5536.42745,265.17K,1.06%
80.979,11-01-2023,5534.071148,5541.140055,222.25K,0.13%
81.24,10-01-2023,5527.00224,5524.645937,170.51K,-0.07%
81.44,09-01-2023,5530.831232,5516.10434,204.55K,0.43%
81.63,06-01-2023,5506.973668,5407.419884,215.37K,1.58%
81.628,05-01-2023,5421.263162,5481.937953,188.60K,-0.99%
81.28,04-01-2023,5475.458121,5434.811901,198.35K,0.70%
81.1,03-01-2023,5437.462742,5395.343833,212.27K,1.09%
81.637,30-12-2022,5378.849715,5365.890051,107.50K,0.01%
81.602,29-12-2022,5378.26064,5337.908958,105.99K,0.95%
82.17,28-12-2022,5327.600134,5338.203496,0.43K,-0.41%
82.27,27-12-2022,5349.690471,5300.797192,0.22K,1.05%
82.568,23-12-2022,5294.022822,5283.124923,0.24K,0.50%
82.641,22-12-2022,5267.808956,5354.697614,0.41K,-1.65%
82.774,21-12-2022,5356.170303,5365.300975,0.16K,-0.01%
82.745,20-12-2022,5356.464841,5291.077444,0.51K,1.54%
82.717,19-12-2022,5275.172402,5287.54299,0.21K,-0.14%
82.758,16-12-2022,5282.535847,5242.478703,0.43K,0.72%
82.736,15-12-2022,5244.540468,5336.436269,0.69K,-1.71%
82.83,14-12-2022,5335.552655,5346.156017,0.28K,-0.37%
82.65,13-12-2022,5355.581227,5259.856435,0.57K,1.87%
82.78,12-12-2022,5257.500132,5306.393411,0.31K,-1.03%
82.96,09-12-2022,5311.989629,5282.535847,0.50K,0.52%
82.88,08-12-2022,5284.597612,5279.590469,0.56K,0.18%
82.6,07-12-2022,5275.172402,5227.162737,0.84K,0.87%
82.649,06-12-2022,5229.519039,5228.929963,0.55K,0.07%
82.706,05-12-2022,5225.984585,5312.578705,1.34K,-1.57%
82.843,02-12-2022,5309.338789,5329.661899,1.17K,-0.31%
82.474,01-12-2022,5325.832907,5238.060636,1.27K,3.14%
82.375,30-11-2022,5163.837105,5170.611475,1.56K,-0.18%
82.634,29-11-2022,5172.967777,5147.342987,1.59K,0.92%
82.41,28-11-2022,5125.841726,5169.138786,132.77K,-0.78%
82.28,25-11-2022,5166.193407,5157.357273,134.30K,0.00%
82.204,24-11-2022,5166.193407,5157.357273,134.30K,0.48%
82.48,23-11-2022,5141.45223,5127.314415,167.77K,0.33%
81.89,22-11-2022,5124.663574,5124.074499,153.09K,0.02%
81.41,21-11-2022,5123.779961,5160.302651,166.08K,-0.84%
81.12,18-11-2022,5167.371559,5192.996349,137.33K,-0.49%
81.359,17-11-2022,5192.701811,5233.937106,169.10K,-0.72%
81.616,16-11-2022,5230.402653,5248.663998,200.76K,-0.06%
81.64,15-11-2022,5233.348031,5225.100972,283.02K,-0.01%
81.685,14-11-2022,5233.642569,5211.552232,191.35K,0.42%
81.613,11-11-2022,5211.552232,5178.858534,227.04K,0.90%
81.604,10-11-2022,5165.309794,5035.713152,305.72K,2.33%
81.714,09-11-2022,5047.494665,5051.912732,239.65K,-0.13%
81.699,08-11-2022,5054.269035,4942.344662,297.62K,2.11%
81.617,07-11-2022,4949.708108,4944.111889,187.59K,0.23%
81.51,04-11-2022,4938.221133,4805.97365,293.52K,2.80%
81.48,03-11-2022,4803.617348,4827.769449,254.70K,-1.16%
81.061,02-11-2022,4859.874072,4863.997601,220.93K,0.02%
80.965,01-11-2022,4858.990458,4818.933315,197.98K,0.55%
80.477,31-10-2022,4832.482054,4851.627013,128.41K,-0.25%
80.63,28-10-2022,4844.558105,4910.534577,196.36K,-0.93%
81.335,27-10-2022,4890.211468,4901.403905,2.30K,-0.25%
81.37,26-10-2022,4902.287518,4866.648442,0.32K,0.67%
81.804,25-10-2022,4869.59382,4858.695921,0.59K,0.25%
81.962,24-10-2022,4857.517769,4895.218611,0.15K,-0.14%
82.731,21-10-2022,4864.292139,4789.479532,0.64K,1.21%
82.712,20-10-2022,4806.268188,4797.726591,0.50K,0.17%
82.65,19-10-2022,4798.021129,4866.94298,0.30K,-1.31%
82.77,18-10-2022,4861.935837,4862.81945,0.72K,-0.49%
82.261,17-10-2022,4886.087938,4848.976172,0.60K,0.92%
82.368,14-10-2022,4841.318189,4905.821972,0.64K,-1.68%
81.901,13-10-2022,4924.083317,4934.392141,0.32K,-0.03%
82.515,12-10-2022,4925.556006,4913.774493,0.23K,-0.51%
82.744,11-10-2022,4950.886259,4919.370712,0.74K,0.65%
82.529,10-10-2022,4919.076174,5003.313991,0.49K,-1.99%
82.82,07-10-2022,5018.924496,5049.261892,0.26K,-0.67%
83.013,06-10-2022,5052.796346,5064.283321,0.23K,-0.01%
82.291,05-10-2022,5053.090883,5093.148027,1.04K,-0.57%
82.171,04-10-2022,5082.250128,5017.157269,0.81K,1.67%
82.34,03-10-2022,4998.895924,4912.596342,0.64K,1.80%
82.172,30-09-2022,4910.534577,4905.232897,0.39K,0.22%
82.159,29-09-2022,4899.931216,4895.807686,2.39K,0.20%
82.256,28-09-2022,4890.211468,4792.130373,18.31K,2.08%
82.37,27-09-2022,4790.657684,4775.930792,15.91K,0.18%
82.82,26-09-2022,4782.116087,4838.667349,14.96K,-1.32%
82.06,23-09-2022,4846.030794,4919.076174,17.01K,-1.56%
81.631,22-09-2022,4922.905166,4919.959788,6.42K,0.34%
81.451,21-09-2022,4906.411048,4902.876594,10.10K,0.29%
81.494,20-09-2022,4892.273232,4932.330376,7.07K,-0.40%
81.509,19-09-2022,4911.712729,4927.617771,6.29K,-0.31%
81.461,16-09-2022,4927.028695,4899.047602,10.86K,0.36%
81.406,15-09-2022,4909.356426,4997.717773,12.32K,-1.85%
81.705,14-09-2022,5001.841302,5014.506429,7.08K,-0.52%
81.61,13-09-2022,5028.055169,5083.133741,11.55K,-1.37%
81.25,12-09-2022,5097.860632,5063.694245,5.71K,0.70%
81.047,09-09-2022,5062.516094,5037.185841,8.17K,0.48%
79.907,08-09-2022,5038.363992,5066.934161,5.09K,-0.44%
79.751,07-09-2022,5060.748867,5016.568193,7.51K,0.87%
79.693,06-09-2022,5017.157269,5051.323657,7.57K,-0.55%
79.686,05-09-2022,5045.138362,5078.421136,206.27K,-0.01%
79.839,02-09-2022,5045.4329,5003.019454,8.55K,0.79%
79.431,01-09-2022,5005.964832,5045.727438,11.25K,-1.01%
79.577,31-08-2022,5056.919875,5083.133741,8.91K,-0.58%
79.35,30-08-2022,5086.373657,5126.430801,6.95K,-0.56%
79.635,29-08-2022,5115.238364,5113.176599,0.95K,0.01%
79.667,26-08-2022,5114.649288,5177.97492,1.05K,-1.21%
79.63,25-08-2022,5177.385845,5157.65181,0.73K,0.57%
79.87,24-08-2022,5147.932062,5142.630381,0.97K,0.03%
79.783,23-08-2022,5146.459373,5109.05307,1.57K,0.74%
79.717,22-08-2022,5108.463994,5145.57576,0.68K,-0.80%
79.673,19-08-2022,5149.699289,5177.091307,0.62K,-0.46%
79.491,18-08-2022,5173.556853,5192.701811,0.71K,-0.31%
79.665,17-08-2022,5189.461895,5229.519039,0.62K,-0.73%
79.954,16-08-2022,5227.751812,5243.067779,0.43K,-0.47%
79.961,15-08-2022,5252.492989,5312.578705,0.66K,-0.97%
79.862,12-08-2022,5304.037108,5269.281645,0.57K,0.49%
79.78,11-08-2022,5278.412318,5279.001393,1.92K,-0.36%
79.847,10-08-2022,5297.262738,5289.899293,1.60K,0.09%
79.85,09-08-2022,5292.255595,5270.754334,0.93K,0.40%
79.92,08-08-2022,5271.048872,5231.875342,1.69K,0.78%
79.75,05-08-2022,5230.402653,5274.877864,2.04K,-0.86%
79.35,04-08-2022,5275.761477,5200.94887,1.65K,1.72%
79.248,03-08-2022,5186.516517,5192.701811,1.82K,-0.78%
79.518,02-08-2022,5227.457274,5224.806434,2.47K,0.12%
79.641,01-08-2022,5221.27198,5206.545089,1.07K,0.33%
79.58,29-07-2022,5204.188786,5179.447609,0.86K,0.71%
79.09,28-07-2022,5167.371559,5116.121977,1.47K,2.05%
79.563,27-07-2022,5063.399707,5051.912732,144.87K,0.08%
79.584,26-07-2022,5059.276178,5059.865253,147.37K,-0.08%
79.36,25-07-2022,5063.399707,5084.60643,160.72K,-0.48%
79.16,22-07-2022,5087.846346,5057.803489,200.62K,0.82%
79.108,21-07-2022,5046.611051,4988.5871,248.88K,0.78%
78.587,20-07-2022,5007.732059,5035.124076,174.47K,-0.61%
78.959,19-07-2022,5038.65853,5028.349706,131.77K,0.03%
79.336,18-07-2022,5037.185841,5025.993404,157.54K,0.39%
79.626,15-07-2022,5017.746345,5031.295085,176.80K,-0.13%
79.845,14-07-2022,5024.226177,5106.107691,266.35K,-1.71%
79.843,13-07-2022,5111.70391,5076.653909,300.55K,0.62%
79.691,12-07-2022,5080.188363,5099.333322,255.17K,-0.40%
79.83,11-07-2022,5100.511473,5129.376179,171.90K,-0.61%
79.85,08-07-2022,5131.732482,5121.12912,189.18K,0.15%
79.98,07-07-2022,5124.074499,5116.711053,151.26K,0.18%
79.85,06-07-2022,5114.649288,5196.236265,258.82K,-1.55%
79.99,05-07-2022,5195.352652,5344.094252,310.37K,0.00%
79.76,04-07-2022,5195.352652,5344.094252,310.37K,-2.09%
79.89,01-07-2022,5306.098873,5325.538369,249.49K,-0.32%
79.65,30-06-2022,5323.182067,5358.232068,208.90K,-0.56%
79.45,29-06-2022,5353.224925,5364.7119,155.54K,0.00%
79.41,28-06-2022,5353.224925,5360.882908,0.39K,-0.19%
79.26,27-06-2022,5363.533748,5400.056438,0.58K,-0.33%
79.175,24-06-2022,5381.206018,5368.246354,0.57K,0.04%
79.047,23-06-2022,5379.144253,5404.769044,0.23K,-0.48%
79.298,22-06-2022,5405.358119,5387.980388,0.53K,-0.01%
78.939,21-06-2022,5405.947195,5403.88543,0.42K,-0.18%
78.956,20-06-2022,5415.961481,5421.263162,176.30K,0.13%
78.965,17-06-2022,5409.187111,5454.251398,0.48K,-0.55%
78.945,16-06-2022,5438.935431,5395.638371,0.98K,1.67%
78.995,15-06-2022,5349.690471,5321.120302,1.03K,0.32%
78.44,14-06-2022,5332.607277,5333.196353,1.37K,-1.02%
78.255,13-06-2022,5387.68585,5526.707702,0.73K,-2.32%
78.145,10-06-2022,5515.809803,5441.586271,1.15K,1.22%
78.18,09-06-2022,5449.244255,5458.374927,0.34K,-0.19%
78.133,08-06-2022,5459.553079,5454.840473,0.17K,0.24%
77.927,07-06-2022,5446.593414,5422.735851,0.62K,0.46%
77.952,06-06-2022,5421.852237,5448.655179,0.31K,-0.35%
77.977,03-06-2022,5440.997196,5507.268206,0.57K,-1.13%
78.171,02-06-2022,5503.144676,5439.524507,0.70K,1.22%
78.022,01-06-2022,5436.579128,5410.954338,1.23K,0.03%
78.104,31-05-2022,5434.811901,5456.6077,1.81K,-0.17%
78.144,30-05-2022,5444.237112,5468.094675,201.80K,-0.30%
77.815,27-05-2022,5460.73123,5454.840473,1.10K,0.35%
77.709,26-05-2022,5441.880809,5454.251398,123.36K,0.07%
77.664,25-05-2022,5438.051817,5494.308542,182.82K,-1.02%
77.814,24-05-2022,5494.308542,5455.724087,174.76K,0.95%
77.615,23-05-2022,5442.469885,5432.455599,163.27K,0.31%
77.399,20-05-2022,5425.681229,5418.317783,143.05K,0.05%
77.56,19-05-2022,5423.030389,5346.156017,175.24K,1.39%
77.598,18-05-2022,5348.512319,5340.559798,150.35K,-0.16%
77.554,17-05-2022,5357.348454,5372.075345,137.29K,0.27%
77.624,16-05-2022,5342.916101,5329.367361,159.49K,0.32%
77.636,13-05-2022,5325.832907,5364.7119,179.48K,-0.90%
77.531,12-05-2022,5374.13711,5455.724087,255.61K,-1.57%
77.475,11-05-2022,5459.847616,5409.481649,243.56K,0.69%
77.545,10-05-2022,5422.441313,5460.436692,260.81K,-0.95%
77.865,09-05-2022,5474.27997,5548.208963,218.82K,-1.29%
77.415,06-05-2022,5545.558123,5529.947618,194.28K,0.38%
77.81,05-05-2022,5524.645937,5549.387114,218.39K,0.37%
77.476,04-05-2022,5504.322828,5502.850138,161.48K,-0.10%
77.833,03-05-2022,5509.624508,5489.006861,167.43K,0.38%
77.48,02-05-2022,5489.006861,5585.026191,193.83K,-2.52%
77.435,29-04-2022,5630.679553,5583.84804,177.14K,1.08%
77.425,28-04-2022,5570.593838,5557.339636,170.91K,0.29%
77.225,27-04-2022,5554.394257,5605.349301,1.79K,-0.83%
77.365,26-04-2022,5600.636696,5591.800561,0.46K,0.43%
76.979,25-04-2022,5576.484594,5691.354345,1.62K,-1.98%
76.514,22-04-2022,5689.29258,5742.01485,0.67K,-0.71%
76.282,21-04-2022,5729.9388,5758.214431,0.47K,-0.38%
76.47,20-04-2022,5752.029136,5743.193002,0.63K,-0.17%
76.485,19-04-2022,5762.043422,5827.725357,0.78K,-1.38%
76.535,18-04-2022,5842.452248,5816.532919,0.51K,0.58%
76.67,14-04-2022,5808.874936,5824.485441,0.57K,-0.49%
76.632,13-04-2022,5837.445105,5798.271574,0.53K,0.44%
76.68,12-04-2022,5811.820314,5753.796363,1.00K,1.44%
76.748,11-04-2022,5729.055186,5742.01485,0.40K,0.14%
76.475,08-04-2022,5721.102665,5688.408967,0.96K,0.40%
76.262,07-04-2022,5698.423253,5666.31863,1.19K,0.78%
76.269,06-04-2022,5654.242579,5669.264008,1.21K,-0.23%
76.445,05-04-2022,5667.202243,5697.539639,1.19K,-0.34%
76.284,04-04-2022,5686.347202,5668.380395,2.01K,0.50%
76.332,01-04-2022,5657.777033,5711.971992,1.09K,-1.55%
76.292,31-03-2022,5746.727456,5700.485017,1.46K,0.77%
76.122,30-03-2022,5702.546782,5662.1951,2.38K,1.25%
76.082,29-03-2022,5632.152243,5662.1951,128.05K,-1.42%
75.836,28-03-2022,5713.444682,5769.11233,181.37K,-0.74%
75.96,25-03-2022,5755.858128,5766.46149,147.90K,-0.41%
75.913,24-03-2022,5779.421154,5726.109808,181.20K,1.29%
75.947,23-03-2022,5706.081236,5657.777033,153.31K,0.82%
75.465,22-03-2022,5659.54426,5702.546782,153.28K,-0.41%
75.451,21-03-2022,5683.107286,5662.1951,146.41K,0.01%
75.995,18-03-2022,5682.51821,5725.520732,150.88K,-0.72%
75.928,17-03-2022,5723.458968,5679.86737,149.83K,1.78%
75.823,16-03-2022,5623.316108,5655.420731,195.46K,-1.06%
75.666,15-03-2022,5683.696361,5754.385439,220.37K,-1.59%
76.09,14-03-2022,5775.297624,5857.473677,162.20K,-1.22%
76.285,11-03-2022,5846.575777,5891.640064,262.09K,-0.77%
76.305,10-03-2022,5891.934602,5869.549728,303.27K,0.61%
76.53,09-03-2022,5856.000988,6068.06822,360.35K,-2.70%
76.159,08-03-2022,6018.291328,5893.701829,447.65K,2.37%
76.285,07-03-2022,5878.6804,5827.430819,372.19K,1.49%
76.065,04-03-2022,5792.380818,5709.61569,241.53K,1.59%
75.937,03-03-2022,5701.957706,5689.587118,180.21K,0.71%
76.2,02-03-2022,5661.900563,5729.644262,227.98K,-1.11%
76.42,01-03-2022,5725.226194,5620.959805,224.00K,2.27%
76.45,28-02-2022,5598.280393,5658.071571,249.27K,0.69%
76.511,25-02-2022,5559.695938,5615.363587,229.78K,-1.96%
76.31,24-02-2022,5671.031235,5628.912326,2.71K,0.84%
76.382,23-02-2022,5623.905184,5597.102242,1.98K,0.16%
76.905,22-02-2022,5615.069049,5603.582074,2.19K,-0.05%
76.975,21-02-2022,5618.014427,5606.527452,334.59K,0.45%
76.425,18-02-2022,5592.684174,5599.753082,0.64K,-0.12%
75.971,17-02-2022,5599.164006,5509.624508,0.96K,1.63%
75.638,16-02-2022,5509.329971,5461.614843,0.43K,0.83%
75.782,15-02-2022,5463.971146,5513.748038,0.88K,-0.71%
75.52,14-02-2022,5502.850138,5482.527029,0.86K,1.48%
75.075,11-02-2022,5422.735851,5382.384169,0.95K,0.26%
75.615,10-02-2022,5408.892573,5399.172825,0.79K,0.04%
74.64,09-02-2022,5406.53627,5378.555177,0.88K,0.48%
74.63,08-02-2022,5380.616942,5362.650135,0.93K,0.33%
74.524,07-02-2022,5362.944673,5324.654756,1.41K,0.77%
74.687,04-02-2022,5321.709378,5315.229545,1.62K,0.20%
75.105,03-02-2022,5311.106016,5321.709378,1.18K,-0.35%
75.05,02-02-2022,5329.661899,5302.564419,1.22K,0.48%
75.177,01-02-2022,5304.037108,5296.084587,2.54K,0.27%
75.686,31-01-2022,5289.899293,5277.528704,1.37K,0.57%
75.348,28-01-2022,5259.856435,5296.9682,1.30K,-0.41%
75.102,27-01-2022,5281.357696,5357.642992,196.04K,-2.00%
74.808,26-01-2022,5389.158539,5443.05896,270.03K,-1.23%
74.719,25-01-2022,5456.313162,5430.099296,197.80K,0.59%
74.655,24-01-2022,5424.503078,5405.358119,244.33K,0.54%
74.645,21-01-2022,5395.343833,5421.263162,225.25K,-0.59%
74.644,20-01-2022,5427.153918,5419.790472,233.86K,-0.03%
74.823,19-01-2022,5428.921145,5339.676185,318.49K,1.70%
74.751,18-01-2022,5338.203496,5356.759378,362.94K,0.00%
74.556,17-01-2022,5338.203496,5356.759378,362.94K,-0.23%
75.046,14-01-2022,5350.279546,5366.773664,174.94K,-0.27%
75.209,13-01-2022,5364.7119,5377.377026,215.52K,-0.32%
74.903,12-01-2022,5382.089631,5364.417362,192.98K,0.48%
74.787,11-01-2022,5356.170303,5305.509797,184.15K,1.10%
74.642,10-01-2022,5298.146352,5291.077444,173.04K,0.08%
74.409,07-01-2022,5294.022822,5275.172402,238.93K,0.46%
74.468,06-01-2022,5269.870721,5332.901815,238.64K,-1.97%
74.455,05-01-2022,5375.609799,5346.450555,173.34K,0.58%
74.565,04-01-2022,5344.683328,5304.920722,167.71K,0.81%
74.255,03-01-2022,5301.975343,5390.33669,168.31K,-1.56%
74.156,31-12-2021,5385.918623,5351.752235,106.60K,0.80%
73.972,30-12-2021,5343.210639,5318.174924,113.43K,0.52%
73.797,29-12-2021,5315.818621,5316.407697,0.62K,-0.29%
73.817,28-12-2021,5331.429126,5337.025344,0.61K,0.12%
74.025,27-12-2021,5325.243831,5326.421983,1.19K,-0.17%
74.278,23-12-2021,5334.079966,5316.113159,0.77K,0.53%
74.385,22-12-2021,5306.098873,5271.637948,1.00K,0.76%
74.285,21-12-2021,5266.336267,5274.288788,0.47K,-0.32%
74.53,20-12-2021,5283.419461,5297.262738,0.42K,-0.57%
74.4,17-12-2021,5313.756856,5301.975343,0.79K,0.37%
74.486,16-12-2021,5294.022822,5237.766098,0.47K,1.92%
74.415,15-12-2021,5194.469038,5214.49761,1.13K,-0.43%
74.57,14-12-2021,5217.148451,5260.740048,0.44K,-0.90%
74.715,13-12-2021,5264.274502,5251.609376,0.36K,0.20%
74.98,10-12-2021,5253.965678,5228.635426,0.45K,0.46%
75.004,09-12-2021,5230.108115,5252.198451,0.31K,-0.49%
75.035,08-12-2021,5256.027443,5254.554754,1.04K,0.05%
75.46,07-12-2021,5253.376603,5237.47156,0.55K,0.29%
75.705,06-12-2021,5238.355174,5262.801813,0.35K,-0.25%
75.73,03-12-2021,5251.314838,5214.49761,0.84K,1.21%
76.013,02-12-2021,5188.578282,5249.253073,0.93K,-1.20%
76.184,01-12-2021,5251.609376,5230.991728,1.27K,0.45%
76.355,30-11-2021,5228.340888,5259.856435,1.75K,-0.49%
76.045,29-11-2021,5253.965678,5285.481225,1.77K,-0.10%
75.77,26-11-2021,5258.972821,5271.048872,186.80K,0.00%
75.718,25-11-2021,5258.972821,5271.048872,186.80K,0.07%
75.599,24-11-2021,5255.438368,5271.637948,203.24K,0.03%
75.384,23-11-2021,5253.965678,5322.592991,311.35K,-1.25%
75.409,22-11-2021,5320.236688,5443.942574,352.86K,-2.45%
75.395,19-11-2021,5453.662322,5480.759802,234.08K,-0.53%
75.241,18-11-2021,5482.527029,5506.384592,186.06K,-0.47%
74.989,17-11-2021,5508.446357,5453.662322,172.42K,0.87%
75.021,16-11-2021,5461.025768,5492.835852,220.43K,-0.67%
75.1,15-11-2021,5497.842995,5515.515265,221.21K,-0.10%
75.05,12-11-2021,5503.439214,5491.068626,201.36K,0.25%
75.065,11-11-2021,5489.890474,5453.367784,205.31K,0.84%
74.502,10-11-2021,5443.942574,5403.296354,352.79K,0.96%
74.622,09-11-2021,5392.398455,5380.91148,224.41K,0.15%
74.447,08-11-2021,5384.151396,5362.355597,200.41K,0.62%
74.445,05-11-2021,5351.16316,5279.885007,299.62K,1.30%
74.35,04-11-2021,5282.535847,5213.024921,222.61K,1.68%
74.165,03-11-2021,5195.352652,5269.870721,257.43K,-1.43%
74.255,02-11-2021,5270.459796,5286.364839,145.79K,-0.36%
74.457,01-11-2021,5289.310217,5258.383746,143.33K,0.67%
74.404,29-10-2021,5254.260216,5306.098873,254.51K,-1.04%
74.347,28-10-2021,5309.338789,5297.851814,220.88K,0.27%
74.312,27-10-2021,5295.200974,5270.459796,0.54K,0.30%
74.415,26-10-2021,5279.590469,5327.011058,0.58K,-0.76%
74.175,25-10-2021,5319.942151,5282.535847,0.22K,0.58%
73.921,22-10-2021,5289.015679,5260.445511,0.31K,0.81%
74.191,21-10-2021,5246.602233,5249.842149,0.12K,-0.17%
74.548,20-10-2021,5255.732905,5208.901392,0.32K,0.82%
74.452,19-10-2021,5213.024921,5195.941727,0.22K,0.27%
74.695,18-10-2021,5198.887106,5204.777862,2.18K,-0.15%
74.837,15-10-2021,5206.545089,5292.255595,0.88K,-1.65%
74.935,14-10-2021,5293.728284,5281.063158,0.43K,0.18%
74.788,13-10-2021,5284.303074,5185.043828,0.41K,2.01%
75.069,12-10-2021,5180.036685,5161.186264,0.55K,0.21%
74.942,11-10-2021,5169.433323,5166.193407,0.12K,-0.10%
75.022,08-10-2021,5174.440466,5175.32408,0.62K,-0.10%
74.999,07-10-2021,5179.742147,5193.585425,0.47K,-0.15%
74.889,06-10-2021,5187.400131,5177.091307,0.39K,0.06%
74.81,05-10-2021,5184.454752,5210.079543,0.32K,-0.38%
75.12,04-10-2021,5204.188786,5185.043828,0.55K,0.52%
75.21,01-10-2021,5177.091307,5171.789626,0.15K,0.08%
75.03,30-09-2021,5172.967777,5083.428279,0.39K,1.98%
74.995,29-09-2021,5072.53038,5105.813154,0.84K,-0.79%
75.306,28-09-2021,5112.882061,5148.815676,15.75K,-0.81%
75.488,27-09-2021,5154.411894,5154.411894,9.86K,0.02%
75.403,24-09-2021,5153.528281,5128.787104,9.36K,0.11%
75.131,23-09-2021,5147.637524,5204.188786,10.63K,-1.63%
74.825,22-09-2021,5233.053493,5222.450131,6.34K,0.03%
74.778,21-09-2021,5231.286266,5193.879963,11.49K,0.81%
74.565,20-09-2021,5189.167357,5160.302651,3.66K,0.71%
74.588,17-09-2021,5152.644667,5157.65181,8.31K,-0.30%
74.15,16-09-2021,5167.960634,5282.535847,11.97K,-2.12%
74.17,15-09-2021,5279.885007,5314.051394,2.66K,-0.69%
74.298,14-09-2021,5316.407697,5280.474082,5.78K,0.71%
74.2,13-09-2021,5279.001393,5264.863578,2.76K,0.13%
73.825,10-09-2021,5271.932486,5285.186688,2.94K,-0.44%
73.821,09-09-2021,5295.200974,5270.754334,6.41K,0.37%
73.81,08-09-2021,5275.761477,5284.303074,3.91K,-0.28%
73.825,07-09-2021,5290.782906,5394.46022,8.86K,-0.12%
73.745,06-09-2021,5297.262738,5400.350976,252.48K,-1.80%
73.653,03-09-2021,5394.46022,5329.661899,5.23K,1.22%
73.645,02-09-2021,5329.367361,5343.505176,3.45K,-0.24%
73.575,01-09-2021,5342.327025,5345.861479,5.39K,-0.11%
73.445,31-08-2021,5348.217782,5331.134588,5.15K,0.33%
73.647,30-08-2021,5330.545512,5357.642992,2.78K,-0.37%
73.565,27-08-2021,5350.574084,5285.775763,1.22K,1.35%
73.524,26-08-2021,5279.295931,5272.227023,0.57K,0.23%
73.546,25-08-2021,5266.925343,5307.8661,0.91K,-0.98%
73.796,24-08-2021,5319.058537,5315.818621,0.50K,0.13%
73.442,23-08-2021,5312.284167,5244.835006,0.78K,1.25%
73.078,20-08-2021,5246.896771,5241.300552,0.62K,0.04%
72.997,19-08-2021,5244.540468,5263.979964,0.40K,-0.08%
73.006,18-08-2021,5248.958535,5259.561897,0.56K,-0.19%
72.995,17-08-2021,5258.972821,5261.9182,1.12K,-0.10%
72.951,16-08-2021,5263.979964,5235.998871,0.86K,0.66%
73.299,13-08-2021,5229.519039,5160.302651,1.00K,1.50%
73.475,12-08-2021,5152.35013,5157.062735,0.30K,-0.09%
74.155,11-08-2021,5156.768197,5087.846346,0.95K,1.26%
74.12,10-08-2021,5092.558952,5091.3808,0.71K,0.30%
74.136,09-08-2021,5077.242985,5192.112736,1.82K,-2.07%
74.135,06-08-2021,5184.74929,5312.578705,1.99K,-2.51%
74.352,05-08-2021,5318.469462,5335.258117,0.90K,-0.30%
74.38,04-08-2021,5334.669042,5332.607277,2.01K,0.03%
74.29,03-08-2021,5333.196353,5340.26526,0.46K,-0.44%
74.375,02-08-2021,5356.759378,5341.148874,0.79K,0.29%
74.17,30-07-2021,5341.443412,5387.68585,1.64K,-1.03%
74.242,29-07-2021,5396.816522,5324.654756,3.65K,1.81%
74.315,28-07-2021,5300.797192,5297.557276,209.78K,-0.01%
74.263,27-07-2021,5301.09173,5293.139209,177.04K,0.03%
74.435,26-07-2021,5299.324503,5308.455176,204.55K,-0.14%
74.488,23-07-2021,5306.982486,5324.360218,236.76K,-0.20%
74.242,22-07-2021,5317.585848,5313.167781,193.32K,0.11%
74.1,21-07-2021,5311.695092,5332.901815,218.64K,-0.44%
74.175,20-07-2021,5335.258117,5341.443412,221.14K,0.12%
74.251,19-07-2021,5328.778285,5335.847193,249.68K,-0.32%
74.356,16-07-2021,5345.861479,5392.103917,184.66K,-0.77%
74.344,15-07-2021,5387.096774,5386.213161,175.61K,0.22%
74.248,14-07-2021,5375.315261,5326.127445,229.88K,0.83%
74.5,13-07-2021,5330.84005,5321.41484,242.18K,0.22%
74.504,12-07-2021,5319.058537,5326.716521,201.42K,-0.26%
74.34,09-07-2021,5332.901815,5311.106016,185.58K,0.58%
74.427,08-07-2021,5302.269881,5312.873243,249.34K,-0.11%
74.455,07-07-2021,5307.8661,5292.844671,171.08K,0.44%
74.495,06-07-2021,5284.597612,5264.863578,276.60K,0.00%
74.535,05-07-2021,5284.597612,5264.863578,276.60K,0.61%
74.858,02-07-2021,5252.492989,5235.409796,205.86K,0.37%
74.61,01-07-2021,5233.348031,5215.675761,171.44K,0.29%
74.55,30-06-2021,5218.032064,5189.461895,177.89K,0.45%
74.47,29-06-2021,5194.469038,5239.238787,239.91K,-0.91%
74.6,28-06-2021,5242.184166,5243.656855,0.89K,0.16%
74.545,25-06-2021,5233.937106,5230.991728,0.52K,0.07%
74.487,24-06-2021,5230.402653,5236.882485,0.49K,-0.38%
74.74,23-06-2021,5250.136687,5234.526182,0.50K,0.34%
74.8,22-06-2021,5232.464417,5258.383746,0.83K,-0.33%
74.591,21-06-2021,5249.547611,5195.058114,0.69K,0.79%
74.317,18-06-2021,5208.606854,5225.100972,1.36K,-0.34%
74.518,17-06-2021,5226.573661,5335.258117,3.63K,-4.61%
74.565,16-06-2021,5478.992575,5477.814424,1.69K,0.27%
74.365,15-06-2021,5464.265684,5498.432071,0.36K,-0.50%
74.3,14-06-2021,5491.952239,5532.303921,1.22K,-0.73%
74.275,11-06-2021,5532.598459,5597.102242,0.82K,-0.89%
74.22,10-06-2021,5582.080813,5567.353922,0.98K,0.05%
74.19,09-06-2021,5579.135434,5575.600981,0.69K,0.06%
74.15,08-06-2021,5575.895518,5597.985855,1.57K,-0.24%
74.34,07-06-2021,5589.14972,5576.484594,0.64K,0.36%
74.14,04-06-2021,5569.121149,5514.042576,0.96K,1.00%
74.12,03-06-2021,5514.042576,5624.494259,1.35K,-1.92%
74.186,02-06-2021,5621.843419,5596.807704,1.34K,0.26%
73.275,01-06-2021,5607.116528,5613.59636,2.09K,-0.07%
73.36,31-05-2021,5610.945519,5616.2472,290.65K,0.05%
73.185,28-05-2021,5608.000141,5591.211485,1.50K,0.37%
73.245,27-05-2021,5587.087956,5590.327872,1.13K,-0.23%
73.08,26-05-2021,5599.753082,5596.218628,170.53K,0.17%
72.985,25-05-2021,5590.327872,5540.845518,316.67K,0.72%
72.955,24-05-2021,5550.565266,5547.619887,183.31K,0.42%
72.811,21-05-2021,5527.591316,5531.714845,234.29K,-0.28%
72.87,20-05-2021,5542.907282,5507.562744,223.57K,0.02%
73.045,19-05-2021,5541.729131,5508.446357,398.21K,0.72%
72.96,18-05-2021,5501.966525,5499.90476,229.02K,0.02%
72.865,17-05-2021,5500.788374,5436.873666,267.71K,1.60%
72.518,14-05-2021,5413.899716,5379.438791,224.38K,0.77%
72.41,13-05-2021,5372.369883,5349.395933,249.93K,0.07%
72.71,12-05-2021,5368.835429,5414.194254,339.21K,-0.72%
72.725,11-05-2021,5408.00896,5408.303497,311.10K,-0.08%
72.795,10-05-2021,5412.427027,5405.947195,269.71K,0.34%
72.835,07-05-2021,5393.871144,5347.03963,367.70K,0.86%
72.827,06-05-2021,5347.923244,5263.390889,287.63K,1.76%
73.015,05-05-2021,5255.438368,5238.060636,178.81K,0.47%
73.22,04-05-2021,5230.991728,5281.652234,246.59K,-0.88%
73.055,03-05-2021,5277.528704,5207.72324,204.54K,1.36%
73.335,30-04-2021,5206.545089,5220.388367,167.29K,-0.03%
73.3,29-04-2021,5208.312316,5248.36946,231.52K,-0.29%
73.48,28-04-2021,5223.628283,5229.519039,0.76K,-0.26%
73.538,27-04-2021,5237.47156,5243.656855,0.27K,-0.07%
73.375,26-04-2021,5241.006014,5228.04635,0.75K,0.12%
73.46,23-04-2021,5234.82072,5254.554754,0.37K,-0.24%
73.254,22-04-2021,5247.191308,5285.481225,0.29K,-0.62%
73.605,21-04-2021,5280.179545,5235.115258,0.74K,0.85%
73.81,20-04-2021,5235.704333,5211.84677,1.09K,0.45%
73.77,19-04-2021,5212.435845,5234.526182,0.70K,-0.54%
73.82,16-04-2021,5240.711476,5196.236265,0.45K,0.76%
74.055,15-04-2021,5200.94887,5111.114834,0.58K,1.76%
74.1,14-04-2021,5111.114834,5139.685003,0.63K,-0.64%
74.493,13-04-2021,5144.103071,5101.395086,0.60K,0.86%
74.59,12-04-2021,5100.216935,5132.02702,0.33K,-0.70%
74.757,09-04-2021,5136.150549,5170.022399,0.64K,-0.76%
74.93,08-04-2021,5175.32408,5117.594667,0.69K,0.95%
75.12,07-04-2021,5126.430801,5133.794247,0.36K,-0.09%
75.439,06-04-2021,5130.848869,5087.551809,0.79K,0.83%
75.395,05-04-2021,5088.72996,5085.490044,0.43K,0.02%
74.86,01-04-2021,5087.551809,5030.411471,1.32K,0.75%
74.54,31-03-2021,5049.55643,4960.311469,1.16K,1.74%
74.73,30-03-2021,4963.256848,5042.192984,1.90K,-1.58%
75.06,29-03-2021,5043.076597,5099.922397,135.46K,-1.16%
75.27,26-03-2021,5102.2787,5082.250128,172.94K,0.42%
74.99,25-03-2021,5081.071977,5104.92954,226.21K,-0.47%
74.734,24-03-2021,5104.92954,5083.428279,186.52K,0.47%
74.577,23-03-2021,5081.071977,5120.540045,226.20K,-0.75%
74.368,22-03-2021,5119.361894,5141.45223,196.31K,-0.21%
73.49,19-03-2021,5129.965255,5106.402229,213.28K,0.53%
73.319,18-03-2021,5102.867775,5136.739625,251.76K,0.31%
73.385,17-03-2021,5086.962733,5095.50433,220.55K,-0.22%
73.332,16-03-2021,5098.15517,5097.566095,173.89K,0.10%
73.148,15-03-2021,5093.148027,5085.195506,163.05K,0.55%
73.445,12-03-2021,5065.461472,5067.523237,232.21K,-0.16%
72.755,11-03-2021,5073.708531,5080.777439,215.34K,0.05%
72.615,10-03-2021,5071.352228,5049.850967,226.89K,0.29%
72.665,09-03-2021,5056.919875,4946.173654,248.95K,2.32%
72.595,08-03-2021,4942.344662,5011.855588,273.91K,-1.21%
72.555,05-03-2021,5002.724916,4993.299705,269.33K,-0.13%
72.38,04-03-2021,5009.204748,5031.88416,277.45K,-0.88%
72.413,03-03-2021,5053.679959,5114.649288,255.65K,-1.03%
72.7,02-03-2021,5106.107691,5074.297607,235.96K,0.62%
72.57,01-03-2021,5074.886682,5103.751389,241.92K,-0.34%
72.515,26-02-2021,5091.969876,5215.970299,362.55K,-2.62%
72.535,25-02-2021,5229.224501,5316.113159,316.25K,-1.18%
72.69,24-02-2021,5291.66652,5316.407697,1.50K,-0.45%
72.7,23-02-2021,5315.818621,5329.367361,1.02K,-0.13%
72.73,22-02-2021,5322.887529,5257.500132,1.73K,1.74%
72.776,19-02-2021,5231.875342,5221.27198,1.79K,0.13%
73.36,18-02-2021,5225.100972,5231.580804,0.62K,0.12%
73.19,17-02-2021,5218.62114,5269.870721,1.02K,-1.45%
72.739,16-02-2021,5295.495511,5375.315261,1.54K,-0.06%
72.94,15-02-2021,5298.735427,5378.26064,355.92K,-1.26%
73.26,12-02-2021,5366.479127,5373.842572,1.60K,-0.20%
73.405,11-02-2021,5377.082488,5363.828286,0.92K,-0.87%
73.937,10-02-2021,5424.20854,5415.077867,1.38K,0.29%
72.745,09-02-2021,5408.303497,5393.282068,0.79K,0.17%
72.39,08-02-2021,5398.878287,5350.574084,1.22K,1.16%
72.382,05-02-2021,5336.730807,5283.124923,1.38K,1.21%
72.45,04-02-2021,5273.110637,5400.350976,1.99K,-2.37%
72.56,03-02-2021,5401.23459,5412.427027,0.81K,0.08%
72.585,02-02-2021,5397.11106,5483.410642,1.66K,-1.60%
72.835,01-02-2021,5484.883331,5489.006861,2.03K,0.71%
72.87,29-01-2021,5446.004339,5430.099296,2.23K,0.52%
72.624,28-01-2021,5417.728708,5433.928288,2.14K,-0.30%
72.595,27-01-2021,5433.928288,5448.066103,195.54K,-0.32%
72.71,26-01-2021,5451.600557,5463.38207,170.26K,-0.23%
72.795,25-01-2021,5464.265684,5464.560222,211.98K,-0.05%
72.856,22-01-2021,5467.211062,5508.151819,249.72K,-0.52%
72.935,21-01-2021,5495.781231,5510.80266,196.94K,-0.03%
72.815,20-01-2021,5497.548458,5419.201397,274.40K,1.43%
72.955,19-01-2021,5420.08501,5386.507699,331.59K,0.00%
72.815,18-01-2021,5420.08501,5386.507699,331.59K,0.56%
72.917,15-01-2021,5389.747615,5440.997196,231.11K,-1.16%
73.12,14-01-2021,5453.073246,5435.990053,257.66K,-0.19%
72.906,13-01-2021,5463.38207,5463.676608,225.99K,0.58%
72.944,12-01-2021,5431.866523,5435.400977,240.66K,-0.36%
73.07,11-01-2021,5451.30602,5447.18249,268.36K,0.84%
72.915,08-01-2021,5405.947195,5640.988377,443.51K,-4.09%
72.97,07-01-2021,5636.275772,5659.54426,199.98K,0.26%
72.985,06-01-2021,5621.548881,5751.734598,366.61K,-2.34%
72.97,05-01-2021,5756.447204,5731.706027,201.95K,0.40%
72.915,04-01-2021,5733.473253,5620.37073,273.37K,2.72%
